모델명(MODEL),시리얼(SERIAL),기온(℃)(TEMP),상대습도(%)(HUMI),풍향(°)(WIND_DIRE),풍속(m/s)(WIND_SPEED),돌풍풍향(°)(GUST_DIRE),돌풍풍속(m/s)(GUST_SPEED),조도(lux)(INTE_ILLU),자외선(UVI)(ULTRA_RAYS),소음(dB)(NOISE),진동(x)(g)(VIBR_X),진동(y)(g)(VIBR_Y),진동(z)(g)(VIBR_Z),진동(x)최대(g)(VIBR_X_MAX),진동(y)최대(g)(VIBR_Y_MAX),진동(z)최대(g)(VIBR_Z_MAX),흑구온도(℃)(EFFE_TEMP),측정시간(REG_DATE),일산화탄소(ppm)(CARBON_MONO),이산화질소(ppm)(NITROGEN_DIO),이산화황(ppm)(SULFUR_DIO),암모니아(ppm)(AMMONIA),황화수소(ppm)(HYDROGEN_SULF),오존(ppm)(OZONE),등록일시(DB_DATE)
SDOT001,OC3CL200089,34.8,97,,,,,0.0,0.0,51.0,0.05,,,0.1,0.2,1.03,,202102000000.0,,,,,,,2021-02-09 13:11
SDOT001,V02Q1940548,29.1,92,,,,,19933.0,0.0,55.0,0.12,0.06,1.04,0.05,0.11,1.13,,202109000000.0,,,,,,,2021-09-25 2:21
SDOT001,V02Q1940521,31.1,58,,,53.4,,,2.0,49.0,0.03,,1.01,0.06,,1.06,,202101000000.0,,,,,,,2021-01-22 1:30
SDOT001,OC3CL200060,34.7,52,,,,,18605.0,0.0,61.0,,0.03,1.03,0.08,0.11,,,202012000000.0,,,,,,,2020-12-03 9:50
SDOT001,OC3CL200036,33.1,79,,0.3,,,0.0,0.2,47.0,0.05,0.05,1.03,0.18,0.13,1.14,,202109000000.0,,,,,,,2021-09-23 7:24
SDOT001,V02Q1940133,34.1,49,,,331.0,,0.0,,47.0,0.02,0.01,0.98,0.06,0.13,1.03,,202109000000.0,,,,,,,2021-09-10 7:47
SDOT001,V02Q1940351,28.0,79,,,,,12625.0,0.1,44.0,0.01,0.1,,0.05,,1.08,,202102000000.0,,,,,,,2021-02-05 16:37
SDOT001,V02Q1940297,28.5,55,,,,,4880.0,0.0,60.0,0.01,,0.98,0.06,,,,202107000000.0,,,,,,,2021-07-19 20:33
SDOT001,V02Q1940440,26.5,53,,,,,21834.0,0.0,45.0,0.02,0.02,1.04,0.08,0.08,1.13,,202104000000.0,,,,,,0.97,2021-04-04 21:10
SDOT001,V02Q1940812,28.0,61,,,,,,0.0,36.0,0.03,,0.97,0.06,0.1,1.17,,202105000000.0,,,,,,,2021-05-24 13:57
SDOT001,V02Q1940786,28.0,83,,,,,3143.0,0.0,40.0,0.01,0.02,1.09,0.11,0.21,,,202103000000.0,,0.041,,,,,2021-03-16 9:16
SDOT001,V02Q1940683,27.5,63,,,,,,0.0,55.0,0.02,0.09,0.97,0.1,0.19,,,202104000000.0,,,,,,,2021-04-03 23:02
SDOT001,V02Q1940729,-40.0,58,,,227.0,,8114.0,0.2,60.0,0.01,,,0.05,0.1,,,202108000000.0,,,0.004,,,,2021-08-22 4:43
SDOT001,OC3CL200042,28.4,93,,,,,4574.0,0.1,52.0,0.01,0.04,1.06,0.08,0.13,1.09,,202101000000.0,,,,,,,2021-01-26 1:05
SDOT001,V02Q1940054,35.9,80,,,,,1643.0,,60.0,0.03,0.02,1.06,0.06,0.2,1.1,,202103000000.0,,,0.004,,,,2021-03-14 21:20
SDOT001,V02Q1940763,34.4,55,,,,,,0.0,72.0,,0.02,1.05,0.06,0.11,1.08,,202104000000.0,,,,,,,2021-04-10 16:41
SDOT001,V02Q1940582,27.3,58,,,,,0.0,0.1,48.0,0.04,,1.05,,0.09,1.1,,202108000000.0,,,,,,,2021-08-07 10:26
SDOT001,V02Q1940343,34.8,55,,,,,0.0,0.0,60.0,0.05,0.12,,0.18,0.18,1.08,,202106000000.0,,,0.004,,,,2021-06-08 21:25
SDOT001,V02Q1940826,26.3,53,,,,,6.0,0.0,67.0,,,0.99,0.1,,1.14,,202109000000.0,,,,,,,2021-09-02 18:15
SDOT001,V02Q1940396,33.0,88,,,,,73.0,0.0,60.0,0.07,0.08,,0.04,0.09,1.05,25.4,202104000000.0,,0.019,,,,,2021-04-07 2:57
SDOT001,V02Q1940098,32.5,82,,,,,51.0,0.0,64.0,0.03,0.03,,0.13,0.2,,,202011000000.0,,,,,,,2020-11-25 3:46
SDOT001,V02Q1940786,29.9,100,,,,,1395.0,0.0,63.0,0.13,0.08,1.04,0.13,,1.14,,202012000000.0,,,,,,,2020-12-28 21:53
SDOT001,V02Q1940669,31.3,47,,,,,1.0,0.2,68.0,0.01,0.02,0.99,0.08,0.14,,,202107000000.0,,,,,,,2021-07-01 13:06
SDOT001,V02Q1940822,28.1,58,,,,,,0.6,43.0,0.02,0.04,,0.06,0.16,1.09,,202012000000.0,,,,,,,2020-12-15 2:18
SDOT001,V02Q1940181,30.6,68,,,275.0,,36523.0,0.0,64.0,0.01,0.02,1.01,0.06,0.19,1.06,,202101000000.0,,,,,,,2021-01-13 10:27
SDOT001,V02Q1940682,35.5,57,,,,,9257.0,,58.0,0.02,0.08,0.95,0.05,0.15,,,202107000000.0,,,,,,,2021-07-14 11:12
SDOT001,V02Q1940310,26.9,55,,,,,1252.0,0.3,45.0,0.02,0.07,1.05,,0.15,1.1,26.2,202105000000.0,,,,,,,2021-05-25 23:13
SDOT001,OC3CL200082,30.7,59,,,,,2.0,2.9,40.0,0.01,,,0.06,0.09,1.15,,202111000000.0,,,,,,,2021-11-17 23:05
SDOT001,V02Q1940101,26.0,76,,,,,5.0,0.0,59.0,,0.05,1.03,0.06,,1.09,,202110000000.0,,,,,,0.032,2021-10-11 7:18
SDOT001,V02Q1940191,26.5,66,,,,,18066.0,0.0,49.0,0.04,0.03,0.99,0.1,,1.03,,202012000000.0,1.174,,,,,,2020-12-23 11:52
SDOT001,V02Q1940669,27.5,45,,,,,,0.4,44.0,0.05,0.04,1.03,0.08,0.06,1.09,,202107000000.0,,,,,0.0,,2021-07-06 12:12
SDOT001,OC3CL200205,30.3,68,,,,,9.0,0.0,69.0,0.01,0.03,1.04,0.06,0.09,,,202103000000.0,,,,,,,2021-03-13 22:18
SDOT001,V02Q1940845,28.4,58,,,,,7756.0,,48.0,0.01,0.06,1.05,0.06,,1.1,,202105000000.0,,,,,,,2021-05-01 22:36
SDOT001,OC3CL200090,31.2,61,,0.5,,,,,56.0,0.02,,1.01,,0.08,1.03,,202012000000.0,,,,,,,2020-12-27 3:40
SDOT001,OC3CL200217,31.1,64,,,,1.6,,0.3,37.0,0.04,0.03,1.07,0.08,,1.19,,202104000000.0,,,,,,,2021-04-11 22:27
SDOT001,V02Q1940086,29.9,63,,,,,14.0,0.0,43.0,0.03,,,0.11,0.16,1.1,,202012000000.0,,,0.012,,,,2020-12-02 19:43
SDOT001,OC3CL200159,35.0,61,,,,,7578.0,0.0,46.0,0.02,0.06,0.98,0.09,0.13,1.09,,202102000000.0,,,,,,,2021-02-27 2:28
SDOT001,V02Q1940629,35.4,100,,,,,399.0,0.0,58.0,0.05,,,,0.2,,,202106000000.0,,,,,,,2021-06-08 3:50
SDOT001,V02Q1940205,27.7,48,,,,,1.0,,39.0,0.03,0.1,1.02,0.1,0.11,1.0,,202012000000.0,,0.034,,,,,2020-12-11 3:24
SDOT001,V02Q1940399,32.2,88,,,,,5.0,0.0,64.0,0.03,0.02,1.04,0.08,0.13,1.06,,202105000000.0,,,,,0.0,,2021-05-13 3:15
SDOT001,V02Q1940628,33.4,46,,,,,0.0,0.2,60.0,0.02,0.11,1.02,0.05,0.2,1.14,,202106000000.0,,,,,,,2021-06-30 10:10
SDOT001,V02Q1940529,34.5,66,,,225.0,,6.0,1.2,40.0,0.02,0.03,1.05,0.18,0.1,1.08,,202109000000.0,,,,,,,2021-09-12 7:54
SDOT001,V02Q1940634,32.4,72,,,,,6.0,,56.0,0.01,0.07,1.04,0.08,0.08,1.1,,202105000000.0,,,,,,,2021-05-24 20:16
SDOT001,V02Q1940191,32.3,73,,,,,7310.0,0.2,54.0,,0.02,1.01,0.06,0.16,1.14,,202106000000.0,,,,,,,2021-06-19 15:58
SDOT001,V02Q1940518,29.4,86,,,,,,0.7,65.0,0.04,0.07,0.97,0.05,,,,202109000000.0,,,,,,,2021-09-17 12:32
SDOT001,V02Q1940950,30.8,60,,,,,48421.0,0.0,55.0,0.01,0.1,,,,1.06,,202101000000.0,,,,,,,2021-01-04 8:08
SDOT001,V02Q1940435,35.6,87,,,,,4450.0,0.0,49.0,0.03,0.03,0.97,,0.09,1.01,28.1,202104000000.0,,,,,,,2021-04-03 17:12
SDOT001,V02Q1940369,31.4,54,,,,,,0.0,44.0,0.02,,0.98,0.08,0.08,1.11,,202104000000.0,0.807,,,,,,2021-04-23 7:10
SDOT001,V02Q1940835,30.0,100,,,,,3478.0,0.0,41.0,0.01,0.01,1.04,,,,,202101000000.0,,,,,0.015,,2021-01-04 0:03
SDOT001,V02Q1940706,29.6,71,,,,,6.0,,46.0,0.03,0.04,,0.1,,1.13,,202012000000.0,,,,,,,2020-12-19 17:11
SDOT001,V02Q1940729,29.7,55,,,,2.9,0.0,,44.0,0.02,,1.08,0.05,,1.05,,202105000000.0,,,,,,0.129,2021-05-01 1:41
SDOT001,V02Q1940708,31.4,54,,,,,10615.0,1.0,52.0,0.02,0.01,1.05,0.05,0.1,1.08,,202105000000.0,,,,,,,2021-05-28 6:03
SDOT001,OC3CL200152,33.3,55,,,,,1.0,2.8,42.0,,0.1,1.05,0.09,0.2,1.05,,202110000000.0,,,,,,,2021-10-01 1:38
SDOT001,V02Q1940414,26.0,49,,,233.0,,0.0,,61.0,0.02,,1.08,0.08,0.11,1.13,,202101000000.0,,,,,,,2021-01-26 23:32
SDOT001,V02Q1940372,34.3,59,,,,,0.0,0.0,68.0,,0.04,,0.08,0.11,1.17,26.3,202110000000.0,,,,,,,2021-10-08 0:13
SDOT001,V02Q1940701,32.3,100,,,,,,0.2,59.0,0.02,0.08,0.98,,0.08,,,202011000000.0,,,,,,,2020-11-27 3:34
SDOT001,OC3CL200129,29.8,91,,,,,,0.0,52.0,0.05,0.09,,0.08,0.11,1.06,,202101000000.0,,,,,,,2021-01-21 1:35
SDOT001,V02Q1940309,26.4,54,,,,,3887.0,,49.0,0.04,,1.04,0.06,0.06,1.11,,202103000000.0,,,,,,,2021-03-22 6:13
SDOT001,V02Q1940834,32.9,67,,,,,,0.0,61.0,0.03,0.03,1.0,0.09,0.19,1.1,,202104000000.0,,,,,,,2021-04-02 1:47
SDOT001,OC3CL200100,29.4,51,,,,,6563.0,0.0,63.0,0.05,,1.06,0.05,0.06,1.13,,202101000000.0,,,,,,,2021-01-01 20:06
SDOT001,V02Q1940231,31.8,68,,,,,,0.0,36.0,,0.04,1.01,,0.16,1.14,,202101000000.0,,,,,,,2021-01-16 6:26
SDOT001,V02Q1940450,29.1,56,,,,0.4,2587.0,,54.0,0.04,0.13,1.06,0.11,0.2,1.08,,202102000000.0,,,,,,,2021-02-07 6:47
SDOT001,V02Q1940435,29.0,56,,,,,,0.1,48.0,,0.02,,0.05,0.1,1.15,25.1,202107000000.0,,,,,,,2021-07-02 22:35
SDOT001,V02Q1940480,26.8,55,,,,,0.0,0.0,52.0,0.02,0.03,1.02,0.06,0.11,1.16,,202108000000.0,,,,,,,2021-08-01 23:13
SDOT001,V02Q1940698,27.7,56,,,,,0.0,0.0,68.0,0.02,0.07,,0.05,0.16,1.05,,202012000000.0,,,,,,,2020-12-04 3:07
SDOT001,V02Q1940398,30.3,52,,,,,,0.1,51.0,,0.07,0.99,0.1,0.14,1.08,,202104000000.0,,,,,,,2021-04-05 1:35
SDOT001,V02Q1940402,36.6,59,,,,,76.0,,43.0,0.05,0.06,1.04,0.09,0.14,1.15,,202012000000.0,,0.023,,,,,2020-12-10 1:07
SDOT001,V02Q1940656,30.9,47,,,,,67.0,0.4,53.0,0.02,0.13,0.97,0.06,0.14,1.06,,202011000000.0,,,,,,,2020-11-15 23:10
SDOT001,V02Q1940178,30.0,74,,,,,19.0,,49.0,0.03,0.15,0.98,0.05,0.2,,,202106000000.0,,,,,,,2021-06-05 22:35
SDOT001,V02Q1940850,28.8,46,,,,,,,54.0,0.05,0.02,,0.11,0.18,1.01,,202103000000.0,,,,,,,2021-03-30 22:57
SDOT001,V02Q1940392,30.0,74,,,,,1113.0,0.1,50.0,,0.1,1.05,0.08,0.15,,,202104000000.0,,,,0.0,,,2021-04-20 10:30
SDOT001,V02Q1940148,28.0,76,,,,,2480.0,0.0,54.0,0.07,,1.01,0.06,,1.17,,202106000000.0,,,,,,,2021-06-07 4:20
SDOT001,OC3CL200059,29.6,78,,,,,6.0,0.0,55.0,,0.13,1.03,0.1,0.14,1.03,,202102000000.0,,,0.004,,,,2021-02-07 17:36
SDOT001,V02Q1940727,32.9,59,,,354.0,,0.0,0.0,35.0,,0.01,1.08,0.05,0.11,,,202105000000.0,,,0.004,,,,2021-05-19 12:53
SDOT001,V02Q1940070,30.5,50,,,,,3.0,0.0,48.0,,0.02,1.0,0.08,0.14,,,202011000000.0,,,,0.0,,,2020-11-24 17:20
SDOT001,V02Q1940064,29.2,85,,0.1,,,0.0,,60.0,0.01,0.07,,0.06,,1.1,25.6,202012000000.0,,,,,,,2020-12-11 4:56
SDOT001,V02Q1940418,26.9,56,,,,,,0.0,44.0,0.08,0.05,,0.05,0.09,1.08,,202110000000.0,,,,,,,2021-10-04 18:44
SDOT001,V02Q1940678,28.5,63,,,,,0.0,0.3,44.0,0.02,0.1,,0.06,0.13,1.05,,202109000000.0,,,,,,,2021-09-01 16:36
SDOT001,OC3CL200197,31.2,47,,,,,0.0,0.0,42.0,0.01,0.09,,0.08,0.2,1.06,,202101000000.0,,,,,,,2021-01-16 11:35
SDOT001,OC3CL200153,30.2,58,,,,,32.0,2.5,48.0,0.04,,,0.11,0.16,1.1,,202107000000.0,,,0.004,,,,2021-07-08 3:16
SDOT001,V02Q1940379,29.3,58,,,,,0.0,0.1,52.0,0.03,0.02,1.0,0.08,0.19,1.03,,202102000000.0,,,,,,,2021-02-26 9:33
SDOT001,V02Q1940634,32.6,97,,,,,36587.0,0.0,40.0,0.03,,1.05,0.08,,1.1,,202109000000.0,,,,,,,2021-09-16 13:08
SDOT001,V02Q1940672,29.6,85,,,,,22077.0,,41.0,,0.04,1.05,0.09,0.15,1.13,,202111000000.0,,,,,,,2021-11-19 22:51
SDOT001,OC3CL200080,29.4,64,,,,,9485.0,0.2,42.0,0.01,0.05,,0.06,0.2,1.11,,202103000000.0,,,,,,,2021-03-05 21:16
SDOT001,V02Q1940270,25.5,100,,,,,11244.0,,65.0,0.02,0.01,1.02,0.06,0.11,,,202105000000.0,,,,,,,2021-05-03 3:49
SDOT001,V02Q1940674,32.0,55,,,,,36.0,0.0,48.0,0.03,0.06,,0.14,0.09,1.09,,202105000000.0,,,,,,,2021-05-17 0:41
SDOT001,V02Q1940823,30.2,60,,,,,5116.0,,55.0,0.02,0.08,1.04,0.05,0.14,,,202012000000.0,,,,,,0.064,2020-12-13 2:07
SDOT001,V02Q1940252,29.0,100,,,,,,0.1,44.0,,0.1,1.02,0.08,0.14,1.06,,202012000000.0,,,,,,,2020-12-09 11:27
SDOT001,V02Q1940477,30.4,94,,,,,57712.0,0.0,54.0,0.04,0.1,1.06,0.04,0.1,1.13,,202106000000.0,,,,,,,2021-06-20 6:01
SDOT001,V02Q1940075,31.8,46,,,,,2685.0,0.0,56.0,0.01,0.08,1.05,0.05,0.14,1.04,,202107000000.0,,,,,,,2021-07-23 1:03
SDOT001,V02Q1940197,33.9,66,,,,,5530.0,0.0,61.0,0.02,,,0.08,,1.11,,202109000000.0,,,,,,,2021-09-06 2:32
SDOT001,V02Q1940565,34.2,74,,,,,196.0,0.0,57.0,,0.05,1.01,0.08,0.1,,,202105000000.0,,,,0.0,0.005,,2021-05-15 17:52
SDOT001,V02Q1940831,29.9,80,,,,,2056.0,0.3,43.0,0.04,0.04,1.0,0.08,0.2,,,202109000000.0,,,,,,,2021-09-18 16:54
SDOT001,V02Q1940648,28.1,62,,,,,28895.0,0.0,66.0,0.02,0.1,,0.1,0.1,1.08,,202107000000.0,,,,0.0,,,2021-07-06 11:05
SDOT001,V02Q1940953,34.1,48,,,,,32414.0,0.0,63.0,,0.05,,0.05,0.14,1.2,,202108000000.0,,,,,,,2021-08-28 5:02
SDOT001,V02Q1940400,30.2,64,,,,,0.0,1.9,61.0,0.02,,0.99,0.08,,1.1,,202105000000.0,,,,,,,2021-05-01 12:32
SDOT001,OC3CL200118,31.2,100,,,230.0,,,,49.0,0.04,0.04,,0.08,0.19,1.03,,202101000000.0,,,,,,,2021-01-29 4:08
SDOT001,V02Q1940720,30.7,78,,,,,11096.0,0.0,49.0,0.03,0.05,1.07,0.09,0.16,1.09,,202109000000.0,,,,,,,2021-09-01 15:13
SDOT001,V02Q1940771,35.8,80,,,,,,0.0,44.0,0.06,,1.03,,0.16,1.11,,202101000000.0,,,,,,,2021-01-09 2:43
SDOT001,V02Q1940715,24.9,63,,,,,11176.0,0.0,48.0,0.01,0.03,0.98,0.09,0.14,1.06,,202111000000.0,,,0.006,0.0,,,2021-11-08 12:56
SDOT001,V02Q1940296,27.6,94,45.2,0.7,,,,1.6,63.0,0.04,,1.06,0.08,0.16,1.13,,202106000000.0,,,,,,,2021-06-12 9:06
SDOT001,OC3CL200250,31.2,69,,,,,,0.0,52.0,0.02,,1.05,0.06,0.19,1.09,,202101000000.0,,,,,0.0,,2021-01-05 8:30
SDOT001,V02Q1940742,34.9,60,,,,,,0.0,43.0,0.01,0.17,,0.05,0.13,1.09,,202109000000.0,,0.02,,,,,2021-09-09 1:34
SDOT001,V02Q1940383,35.3,64,,,,,10200.0,3.0,60.0,0.02,,1.05,,0.13,1.01,,202103000000.0,,,,,,,2021-03-05 10:34
SDOT001,V02Q1940626,32.5,51,,,,0.0,262.0,0.4,47.0,0.02,0.08,1.04,0.11,0.14,1.15,,202110000000.0,,,,,,,2021-10-01 11:50
SDOT001,V02Q1940423,28.6,64,,,,,0.0,,51.0,0.05,0.02,,0.06,0.18,1.06,,202105000000.0,,,,,,,2021-05-07 22:23
SDOT001,V02Q1940092,30.0,53,,,,,0.0,0.0,61.0,,0.02,1.02,0.06,,1.06,,202103000000.0,,,,,,,2021-03-30 12:29
SDOT001,V02Q1940504,30.3,52,,,,,0.0,0.0,43.0,0.05,0.11,1.04,0.04,0.16,1.08,,202111000000.0,,,,,,,2021-11-14 16:46
SDOT001,OC3CL200157,27.8,55,,,,0.7,9533.0,0.2,64.0,0.04,0.17,1.0,,,,,202108000000.0,,,,,,,2021-08-16 13:38
SDOT001,V02Q1940147,34.8,58,,,,,5718.0,,56.0,0.02,0.11,1.04,0.09,0.13,,,202104000000.0,0.98,0.027,,0.0,,,2021-04-07 6:10
SDOT001,V02Q1940189,31.5,56,,,,1.7,1297.0,0.0,63.0,0.03,0.02,1.03,0.05,0.09,1.11,,202107000000.0,,,,,,,2021-07-12 6:10
SDOT001,V02Q1940413,28.8,81,,,,,,0.0,53.0,,0.11,1.05,,0.09,1.13,,202101000000.0,,,,,,,2021-01-15 0:38
SDOT001,V02Q1940883,30.4,71,,,,1.3,0.0,0.0,56.0,,0.02,1.04,0.06,0.1,1.17,,202111000000.0,,,,,,,2021-11-06 21:44
SDOT001,V02Q1940090,27.0,90,,,,,38357.0,0.4,56.0,0.02,,,0.09,0.14,1.09,,202105000000.0,,,,,,,2021-05-06 19:12
SDOT001,V02Q1940686,34.4,56,,,,,2230.0,0.0,46.0,0.01,0.09,0.99,0.06,0.09,1.15,,202102000000.0,,,,,,,2021-02-27 4:24
SDOT001,OC3CL200166,32.2,58,,,,2.1,0.0,0.1,64.0,0.05,0.07,1.04,0.08,0.18,1.17,,202111000000.0,,0.061,,,,,2021-11-20 11:24
SDOT001,V02Q1940616,25.0,76,,,36.6,,37283.0,0.0,58.0,0.03,0.06,1.02,,0.09,1.11,,202109000000.0,,,,,0.0,,2021-09-19 6:36
SDOT001,V02Q1940110,26.6,69,,,230.0,,,0.0,52.0,0.1,0.06,0.98,0.09,0.18,1.11,,202108000000.0,,,,,,,2021-08-02 14:16
SDOT001,V02Q1940679,32.6,96,,,,,1.0,0.0,51.0,0.04,0.04,1.03,,0.13,1.11,,202011000000.0,,,,,,,2020-11-12 3:22
SDOT001,OC3CL200206,28.5,84,,,,,3870.0,0.7,40.0,0.04,0.14,,0.1,0.13,1.09,,202111000000.0,,,,,,,2021-11-16 4:50
SDOT001,V02Q1940267,30.6,93,,,,,1.0,0.0,68.0,0.03,0.05,0.98,,0.19,,28.3,202106000000.0,,,,,,,2021-06-04 7:47
SDOT001,V02Q1940281,26.2,64,,,,,18789.0,3.0,51.0,0.06,,,0.05,0.19,1.14,,202012000000.0,,,,,,,2020-12-27 1:35
SDOT001,OC3CL200133,34.9,78,,,,,10.0,3.3,57.0,0.01,0.06,1.09,0.05,0.2,1.1,,202105000000.0,,,,,,,2021-05-11 22:52
SDOT001,V02Q1940620,31.1,55,,,,,8984.0,0.0,,0.05,0.03,1.01,0.05,0.13,1.13,,202109000000.0,,,,,0.0,,2021-09-09 8:22
SDOT001,V02Q1940250,35.4,68,,,,,23.0,0.0,47.0,0.14,,,0.1,0.11,1.05,,202107000000.0,,,,,,,2021-07-27 12:46
SDOT001,V02Q1940266,30.4,56,,,,,7998.0,0.0,68.0,0.01,0.05,1.01,0.08,0.13,1.1,,202104000000.0,1.176,,,,,,2021-04-24 17:55
SDOT001,V02Q1940589,29.0,87,,,,,1526.0,0.3,52.0,0.02,0.1,1.01,0.06,0.16,,,202105000000.0,,,0.008,,,,2021-05-20 12:08
SDOT001,V02Q1940640,34.0,49,,,,,12609.0,0.0,41.0,0.06,0.09,,,,1.11,,202012000000.0,,,,,,,2020-12-03 7:37
SDOT001,V02Q1940316,31.7,65,,,,,30037.0,0.0,56.0,,0.02,1.01,0.08,0.15,1.13,,202109000000.0,,,,,,,2021-09-13 20:34
SDOT001,V02Q1940589,31.7,71,,,,,3.0,0.0,68.0,,0.05,,0.06,,1.16,,202012000000.0,,,,,,,2020-12-25 21:38
SDOT001,V02Q1940367,30.8,51,,,,,23235.0,0.0,41.0,,0.07,1.01,0.08,0.2,1.08,,202012000000.0,,,,,,,2020-12-31 5:18
SDOT001,V02Q1940591,35.5,63,,,,,0.0,0.0,51.0,0.01,0.06,1.0,0.09,0.14,1.13,,202109000000.0,,,,,,,2021-09-03 23:00
SDOT001,V02Q1940543,29.5,69,,,,1.5,18472.0,0.0,46.0,0.06,0.07,1.05,,0.14,1.11,,202011000000.0,,,,,,,2020-11-21 21:31
SDOT001,V02Q1940467,29.0,58,,,,,19000.0,0.0,60.0,0.02,0.03,1.02,0.08,,1.08,,202103000000.0,,,,,,,2021-03-23 22:14
SDOT001,OC3CL200082,29.2,60,,,,,7364.0,0.6,56.0,,0.02,1.01,0.08,0.13,1.14,,202105000000.0,,,,,,,2021-05-24 2:02
SDOT001,V02Q1940838,30.2,54,,,,,,0.0,55.0,0.02,,,0.16,0.15,1.14,,202102000000.0,,,,,,,2021-02-12 18:48
SDOT001,V02Q1940189,28.2,82,,,,,,0.0,44.0,0.02,0.05,0.99,0.1,0.19,1.11,,202101000000.0,,,,,,,2021-01-14 18:12
SDOT001,V02Q1940210,29.9,59,,,,,0.0,,64.0,0.01,0.02,,0.13,0.2,1.11,,202103000000.0,1.165,,,,,,2021-03-20 13:10
SDOT001,V02Q1940225,31.8,78,,,,,11649.0,0.0,57.0,0.02,0.08,0.99,0.08,,1.05,,202109000000.0,,,,,,,2021-09-04 7:27
SDOT001,V02Q1940687,32.6,58,,,,,320.0,1.7,48.0,,0.03,1.04,0.11,0.14,1.15,,202111000000.0,,,,0.0,,,2021-11-08 0:08
SDOT001,V02Q1940046,32.3,51,,,,,7440.0,0.0,54.0,0.02,,1.06,0.05,0.18,,,202104000000.0,,,,,,,2021-04-30 6:59
SDOT001,V02Q1940526,34.4,67,,,,,2452.0,,44.0,0.02,0.07,1.04,,0.11,1.19,,202104000000.0,,0.02,,,,,2021-04-04 9:20
SDOT001,V02Q1940051,29.3,59,,,154.0,,4533.0,,42.0,0.02,0.13,1.06,0.1,0.1,,,202103000000.0,,,,,,,2021-03-29 19:24
SDOT001,OC3CL200193,32.1,72,328.0,,,,84313.0,,52.0,0.02,0.1,0.99,,0.1,1.08,,202103000000.0,,,,,,,2021-03-21 15:55
SDOT001,V02Q1940141,30.8,73,,,,,0.0,0.0,39.0,0.05,0.02,1.04,0.06,0.11,1.09,,202106000000.0,,,,,,,2021-06-07 0:50
SDOT001,V02Q1940375,30.1,57,,,,,11.0,0.0,40.0,0.02,0.02,0.96,0.13,0.06,1.09,,202108000000.0,,,,,,,2021-08-23 12:07
SDOT001,V02Q1940091,30.6,61,,,,,41664.0,0.0,58.0,0.01,,,,,1.11,,202105000000.0,,,,,,,2021-05-01 8:33
SDOT001,V02Q1940638,35.0,63,,,,,0.0,0.0,50.0,0.03,0.1,1.0,0.06,0.18,1.08,,202101000000.0,,,,,,,2021-01-09 2:54
SDOT001,V02Q1940537,26.7,81,,,,,2826.0,0.0,57.0,0.01,0.03,1.0,,0.13,1.04,,202104000000.0,,,,,,,2021-04-07 15:28
SDOT001,V02Q1940060,30.0,93,,,,,33522.0,,64.0,,0.01,1.01,0.09,0.14,1.11,26.7,202011000000.0,,,,,,,2020-11-25 9:24
SDOT001,V02Q1940174,26.4,54,,,,,7845.0,0.0,47.0,0.02,0.08,1.03,0.06,0.08,1.09,,202106000000.0,,,,,,,2021-06-17 3:27
SDOT001,V02Q1940789,29.2,68,,,,,13032.0,0.1,36.0,0.05,,1.02,0.14,0.1,1.08,,202011000000.0,,,,0.0,,,2020-11-13 14:52
SDOT001,V02Q1940487,29.3,53,,,241.0,,1770.0,0.0,41.0,0.01,,1.03,0.09,0.11,,,202104000000.0,,,,,,,2021-04-11 5:24
SDOT001,V02Q1940700,27.0,61,,,,,7650.0,0.0,55.0,0.02,0.1,,0.08,0.1,1.09,,202101000000.0,1.064,,,,0.0,,2021-01-14 6:51
SDOT001,OC3CL200061,27.8,57,,,,,3358.0,,50.0,0.04,0.02,1.0,0.05,0.1,1.11,,202103000000.0,,,,,,,2021-03-18 9:38
SDOT001,V02Q1940596,28.8,56,,,241.0,,1429.0,0.0,52.0,0.02,0.06,1.03,0.11,0.13,1.13,,202102000000.0,,,0.004,,,,2021-02-02 0:12
SDOT001,V02Q1940950,28.7,51,,,,,12378.0,0.1,51.0,0.01,0.05,1.01,0.06,0.15,1.09,,202108000000.0,,,,,,,2021-08-14 7:17
SDOT001,V02Q1940636,25.9,93,151.0,,,,21.0,,63.0,0.05,0.06,1.02,,0.15,,,202102000000.0,,,,,,,2021-02-14 1:23
SDOT001,V02Q1940536,28.3,74,,,,,45.0,0.1,57.0,0.02,0.05,1.03,0.06,0.13,,,202108000000.0,,,,,,,2021-08-11 19:40
SDOT001,OC3CL200176,33.1,62,,2.9,,,14508.0,0.0,57.0,0.03,0.15,0.98,0.08,0.11,1.13,,202104000000.0,,,,,,,2021-04-25 14:33
SDOT001,V02Q1940164,27.4,57,187.0,,357.0,,,,52.0,0.01,0.1,1.0,0.11,0.08,1.1,,202107000000.0,,,,,,,2021-07-25 16:00
SDOT001,OC3CL200088,34.6,72,,,,,0.0,0.1,47.0,,0.1,0.99,0.11,0.15,1.14,,202110000000.0,,,,,,,2021-10-22 17:49
SDOT001,V02Q1940744,30.3,68,,2.2,,,17938.0,0.0,42.0,0.01,,,0.06,0.13,1.17,,202106000000.0,,,,,,,2021-06-22 16:31
SDOT001,V02Q1940514,27.0,89,,,,,0.0,0.0,52.0,0.01,0.1,0.98,0.05,0.18,,,202104000000.0,,,,0.0,,,2021-04-30 2:56
SDOT001,V02Q1940381,30.2,64,,,191.0,,38200.0,0.4,61.0,0.02,,1.01,0.09,0.15,,,202103000000.0,,2.0,,,,,2021-03-06 18:01
SDOT001,OC3CL200234,29.0,65,,,,,3550.0,0.0,44.0,0.03,0.05,0.98,,0.15,1.09,,202107000000.0,,,,0.0,,,2021-07-31 7:17
SDOT001,V02Q1940693,26.3,56,,,,,51408.0,,48.0,0.04,0.04,1.14,0.08,0.11,1.09,,202110000000.0,,,,,,,2021-10-02 20:53
SDOT001,V02Q1940070,27.1,73,,,,,4661.0,0.0,42.0,0.07,0.05,0.98,0.06,0.18,,,202103000000.0,,,,,,,2021-03-24 9:56
SDOT001,V02Q1940271,30.4,65,,,,,23035.0,0.0,48.0,0.01,0.07,,0.04,,1.01,,202012000000.0,,,,,,,2020-12-12 7:19
SDOT001,V02Q1940879,30.8,88,195.0,,,,4856.0,,60.0,0.02,0.11,1.05,,0.09,,,202011000000.0,,,,,,0.913,2020-11-18 17:55
SDOT001,OC3CL200048,29.4,52,,,,,,0.9,48.0,,0.07,1.05,0.08,0.14,,,202109000000.0,,,,,,,2021-09-12 22:21
SDOT001,OC3CL200016,31.4,86,,,,,1.0,0.5,53.0,0.02,0.05,1.01,0.08,0.11,,,202111000000.0,0.853,,,,,,2021-11-18 20:43
SDOT001,V02Q1940330,26.9,53,264.0,,,,0.0,0.3,60.0,,0.08,0.97,0.14,0.09,,,202103000000.0,,,,0.0,,,2021-03-10 9:42
SDOT001,OC3CL200084,32.1,94,,,,,10.0,0.0,43.0,0.05,0.02,1.0,,0.1,1.13,,202102000000.0,,,0.007,,,,2021-02-02 5:16
SDOT001,V02Q1940721,29.7,49,,,129.0,,165.0,,44.0,0.06,0.16,,0.08,,1.11,,202103000000.0,,,,,0.0,,2021-03-16 6:17
SDOT001,V02Q1940796,30.5,60,,,,,0.0,0.1,55.0,,0.16,1.04,0.1,0.1,1.11,,202107000000.0,,,,,,,2021-07-10 10:28
SDOT001,V02Q1940738,29.2,82,,,,,12377.0,0.2,52.0,,0.04,1.0,0.05,0.18,1.1,,202107000000.0,,,,,,,2021-07-20 10:32
SDOT001,V02Q1940113,36.4,55,,,,,6640.0,,42.0,0.01,0.06,1.02,0.08,0.09,1.06,,202107000000.0,,,,,,,2021-07-18 6:38
SDOT001,V02Q1940251,35.7,50,,,,,0.0,0.0,49.0,0.01,0.02,1.07,0.13,0.19,1.13,,202101000000.0,,,,,,,2021-01-22 16:40
SDOT001,V02Q1940045,25.2,78,,,,,3470.0,0.2,43.0,0.06,0.09,1.06,0.06,0.2,1.19,,202104000000.0,,,,,,,2021-04-26 0:35
SDOT001,V02Q1940616,26.6,87,,,,,,0.0,67.0,,0.03,1.06,0.09,0.1,1.11,,202103000000.0,,,,,,,2021-03-28 22:21
SDOT001,V02Q1940774,30.4,100,,1.2,,,1234.0,0.0,73.0,0.01,,1.05,,0.16,,,202105000000.0,,,,,,,2021-05-30 5:16
SDOT001,V02Q1940526,33.5,57,,,,,,0.3,61.0,,0.04,1.01,,,1.15,,202103000000.0,,,,,,,2021-03-07 16:45
SDOT001,V02Q1940518,28.9,100,,0.5,5.6,,0.0,0.1,44.0,0.01,0.1,1.02,0.08,0.19,1.09,,202105000000.0,,,0.004,,,,2021-05-27 10:22
SDOT001,V02Q1940617,36.0,72,,,216.0,,,0.0,41.0,0.01,0.05,0.97,0.06,,1.1,,202111000000.0,,,,,,,2021-11-14 13:26
SDOT001,OC3CL200174,29.0,66,,,,,910.0,0.0,64.0,0.02,0.04,1.03,0.06,,,,202109000000.0,,,,,,,2021-09-23 22:24
SDOT001,OC3CL200083,30.9,50,,,,,0.0,0.0,56.0,0.05,0.06,0.95,0.08,0.1,1.14,,202012000000.0,,,,,,,2020-12-09 12:16
SDOT001,V02Q1940762,29.8,55,,,,,5675.0,,60.0,,0.02,1.01,0.09,0.15,1.15,,202107000000.0,,,,,,,2021-07-29 8:44
SDOT001,V02Q1940763,26.8,49,,,,,,0.0,62.0,,,1.03,0.09,0.18,,,202108000000.0,,0.029,,,,,2021-08-05 17:48
SDOT001,V02Q1940483,29.0,67,,,,,,0.0,51.0,0.02,0.1,,0.05,0.14,1.17,,202107000000.0,,,,,,,2021-07-18 10:59
SDOT001,V02Q1940136,31.8,90,,,,,5926.0,0.3,48.0,0.02,0.11,,,,1.14,,202011000000.0,,,,,,,2020-11-18 12:05
SDOT001,V02Q1940203,29.7,77,,,,,14382.0,0.0,44.0,0.03,0.12,0.96,,0.2,,,202102000000.0,,,,,,,2021-02-06 13:15
SDOT001,V02Q1940290,28.6,60,,,,,0.0,0.0,44.0,0.01,0.02,1.02,0.05,0.15,1.09,,202107000000.0,,,,,,,2021-07-13 14:15
SDOT001,V02Q1940119,28.8,59,,,,,,0.0,,0.04,0.03,1.06,0.06,0.13,1.17,,202104000000.0,,,,,,,2021-04-15 0:02
SDOT001,OC3CL200101,26.1,55,,,,,0.0,0.0,57.0,,0.03,1.04,0.06,,1.1,,202106000000.0,,,,,,,2021-06-20 2:05
SDOT001,V02Q1940331,35.0,49,,,,,,0.0,52.0,0.02,,1.02,0.06,0.09,,,202107000000.0,,,,,,,2021-07-19 1:13
SDOT001,OC3CL200079,31.1,52,,,,,4516.0,0.0,55.0,0.02,0.11,,0.04,0.18,1.16,,202104000000.0,,,,,,,2021-04-11 11:34
SDOT001,V02Q1940393,30.1,51,,,,,9841.0,0.3,38.0,,0.05,0.98,0.06,,1.09,,202110000000.0,,,,,,,2021-10-22 2:01
SDOT001,V02Q1940703,29.8,85,,,,,0.0,0.5,56.0,0.08,0.02,0.94,0.06,0.06,1.06,,202108000000.0,0.638,,,,,,2021-08-25 7:27
SDOT001,V02Q1940469,37.5,89,,,,,,0.0,35.0,0.05,0.08,,0.05,0.19,,,202106000000.0,,,,,,,2021-06-25 16:43
SDOT001,V02Q1941000,35.9,96,,,,,41173.0,,57.0,0.05,0.02,1.01,0.08,,1.01,,202108000000.0,,,,,,,2021-08-20 13:07
SDOT001,OC3CL200162,26.3,67,,,,,,0.1,41.0,,,1.05,0.09,,1.14,,202102000000.0,,,,0.0,,,2021-02-08 15:56
SDOT001,V02Q1940779,28.7,75,,,,,,5.5,43.0,,0.06,1.04,0.08,,1.16,,202107000000.0,,,,,,,2021-07-20 15:43
SDOT001,V02Q1940432,30.8,69,,,14.1,,1712.0,,52.0,0.01,0.02,,0.08,0.16,1.04,,202103000000.0,,,,,,,2021-03-03 20:07
SDOT001,V02Q1940710,32.8,88,,,,,6317.0,0.0,44.0,0.02,0.02,,0.05,0.19,1.15,,202107000000.0,,,,,,,2021-07-27 13:20
SDOT001,V02Q1940833,36.1,94,,,,,6.0,0.0,49.0,0.04,0.07,1.03,0.05,,1.09,,202011000000.0,,,,,,,2020-11-15 4:56
SDOT001,OC3CL200040,31.0,51,,0.1,241.0,,24502.0,0.0,43.0,0.05,0.09,1.02,,0.13,,,202105000000.0,,,,,,,2021-05-22 2:42
SDOT001,OC3CL200095,29.9,53,,,,,0.0,,59.0,,0.02,1.01,0.06,0.09,1.14,,202107000000.0,,,,,,,2021-07-29 13:56
SDOT001,OC3CL200149,34.8,64,,1.7,233.0,,0.0,0.4,49.0,0.01,0.04,1.05,0.06,0.1,1.03,,202012000000.0,,,,,,,2020-12-05 1:08
SDOT001,V02Q1940802,32.6,48,,,,,,0.0,40.0,,,1.0,0.06,0.16,1.11,,202109000000.0,,,,,,,2021-09-23 9:45
SDOT001,V02Q1940386,32.2,57,,,,,17762.0,0.1,55.0,0.01,0.06,1.07,,,1.06,,202101000000.0,,,,,,,2021-01-30 6:23
SDOT001,V02Q1940748,32.4,96,,,,,1714.0,0.0,53.0,0.02,0.03,1.06,0.09,0.11,1.1,,202104000000.0,0.636,,,,,,2021-04-06 1:28
SDOT001,V02Q1940477,31.1,94,,,,,18197.0,0.0,51.0,0.01,0.04,,0.06,,1.1,,202107000000.0,,,,,,,2021-07-23 8:00
SDOT001,V02Q1940591,34.2,83,,,,,798.0,0.1,40.0,,,1.01,0.05,0.08,1.05,,202110000000.0,,,,,0.033,0.843,2021-10-18 7:48
SDOT001,V02Q1940244,25.3,68,,,,,21232.0,0.0,57.0,,,1.11,,0.09,1.14,,202104000000.0,,,,,,,2021-04-02 1:18
SDOT001,V02Q1940194,35.0,65,,,,,0.0,0.3,41.0,0.01,0.03,1.06,0.05,0.09,1.19,,202012000000.0,,,,,,,2020-12-19 5:57
SDOT001,V02Q1940699,29.6,55,,,,,22.0,,52.0,0.01,0.04,1.07,0.08,,1.09,,202102000000.0,,,0.004,,,,2021-02-19 0:09
SDOT001,V02Q1940751,27.9,59,,,,,0.0,0.0,37.0,0.06,0.09,,0.11,0.15,1.15,,202110000000.0,,,,,,,2021-10-07 11:28
SDOT001,V02Q1940752,30.0,69,,,,,3932.0,0.2,44.0,0.02,,,,0.08,1.06,,202108000000.0,,,,,,,2021-08-14 14:08
SDOT001,V02Q1940469,29.9,50,,,,,0.0,0.0,60.0,0.08,0.01,1.01,0.06,0.05,1.13,,202012000000.0,,,,,,,2020-12-15 22:54
SDOT001,V02Q1940760,33.7,49,,,,,9964.0,,49.0,0.02,0.02,1.05,0.08,0.08,1.19,,202012000000.0,,,,,,,2020-12-15 5:25
SDOT001,V02Q1940480,30.8,51,,,,,6377.0,0.1,57.0,0.06,0.02,1.01,0.04,0.08,1.14,,202107000000.0,,,,,,,2021-07-22 20:11
SDOT001,V02Q1940674,35.5,81,,,,,11790.0,,58.0,0.01,0.15,,0.08,0.09,1.11,,202109000000.0,,,,,,,2021-09-12 18:26
SDOT001,OC3CL200156,35.0,52,,,,,0.0,0.4,50.0,0.01,0.07,0.99,0.09,,1.08,,202105000000.0,,,,,,,2021-05-06 1:05
SDOT001,V02Q1940289,35.0,67,,,,,1040.0,,43.0,0.03,0.13,0.95,0.08,,1.08,,202106000000.0,,,,,,,2021-06-14 12:30
SDOT001,V02Q1940739,33.9,60,,,354.0,,2.0,,47.0,,0.05,1.02,0.09,0.2,1.08,,202109000000.0,,,,,,,2021-09-13 17:24
SDOT001,V02Q1940184,29.1,63,,,,,,0.4,45.0,0.05,0.1,1.01,0.08,0.1,1.09,,202109000000.0,,,,,,,2021-09-14 19:16
SDOT001,OC3CL200156,35.0,73,,,,,1068.0,0.0,64.0,,0.02,1.06,0.08,0.09,,,202111000000.0,,,,,0.0,,2021-11-15 3:53
SDOT001,V02Q1940610,30.8,56,,,,,,0.6,55.0,,0.1,,0.09,0.09,1.09,,202011000000.0,,0.036,,,,,2020-11-22 19:52
SDOT001,V02Q1940493,30.0,63,,,,,0.0,0.2,54.0,,0.05,1.04,0.05,0.16,1.04,,202012000000.0,,,,,,,2020-12-19 5:08
SDOT001,OC3CL200079,25.0,73,,,,,3462.0,0.0,56.0,,0.05,,0.06,0.21,,,202102000000.0,,,,,,,2021-02-09 17:39
SDOT001,V02Q1940452,32.8,82,,,,,4554.0,0.0,45.0,,0.01,1.07,0.06,0.13,1.09,,202101000000.0,,,,,,,2021-01-20 10:54
SDOT001,V02Q1940441,33.2,71,222.0,,,,5.0,0.4,43.0,0.01,0.06,1.01,,0.13,1.13,,202107000000.0,,,,,,,2021-07-21 8:47
SDOT001,OC3CL200055,26.0,71,182.0,,174.0,,0.0,0.0,68.0,,0.09,1.06,0.06,0.15,1.11,,202105000000.0,,0.024,,,,,2021-05-18 21:34
SDOT001,V02Q1940166,36.8,62,,1.2,,,,0.0,51.0,0.01,0.05,1.05,,0.2,1.15,,202109000000.0,,,,,,,2021-09-19 11:20
SDOT001,V02Q1940659,25.2,67,,,,,2323.0,0.0,55.0,0.02,0.02,1.01,0.06,0.13,1.04,,202104000000.0,,,,,0.0,,2021-04-22 3:21
SDOT001,V02Q1940558,27.4,56,,,,,72036.0,0.0,60.0,0.02,0.02,1.04,0.06,,1.09,,202109000000.0,,,,,,,2021-09-18 8:41
SDOT001,V02Q1940425,30.4,58,219.0,0.1,,,0.0,,69.0,0.05,,0.99,,0.19,1.1,,202111000000.0,,,,,,,2021-11-16 4:38
SDOT001,OC3CL200030,30.1,96,,,,0.6,0.0,,57.0,0.05,0.13,1.02,,0.11,1.17,,202108000000.0,,,,,,,2021-08-30 9:21
SDOT001,OC3CL200105,26.6,51,,,,,5.0,0.2,40.0,0.07,0.04,1.04,0.06,0.19,1.09,,202104000000.0,,,,,,,2021-04-12 7:42
SDOT001,V02Q1940407,32.1,58,188.0,,,,28.0,0.0,43.0,0.04,0.02,1.05,0.06,,1.11,,202106000000.0,,,,,,,2021-06-29 9:24
SDOT001,V02Q1940754,26.4,95,,,,,0.0,0.0,52.0,,0.11,1.04,,0.2,,,202111000000.0,,,,,,,2021-11-18 7:38
SDOT001,V02Q1940584,34.9,49,,,,,101.0,0.0,48.0,0.02,0.08,,0.06,0.18,1.1,,202105000000.0,,,,,,,2021-05-09 20:59
SDOT001,OC3CL200252,26.3,75,278.0,,,,4.0,0.0,46.0,0.02,0.03,1.04,0.08,0.19,1.09,,202104000000.0,,,,,,,2021-04-11 23:16
SDOT001,V02Q1940775,33.9,100,,,,,5.0,0.0,57.0,0.01,0.08,1.01,0.1,,1.05,,202108000000.0,,,0.004,,,,2021-08-05 9:01
SDOT001,V02Q1940331,26.4,61,,,,,11164.0,0.0,59.0,,0.14,,,0.1,1.19,,202103000000.0,,,,,,,2021-03-16 11:02
SDOT001,OC3CL200145,30.5,49,,,,,19567.0,0.4,43.0,0.02,,0.97,0.04,,1.04,,202108000000.0,,,,,,,2021-08-08 3:51
SDOT001,OC3CL200186,33.3,100,,,,,6.0,,41.0,0.02,0.03,1.05,0.09,,,,202102000000.0,,,,,,,2021-02-06 5:55
SDOT001,V02Q1940703,34.1,59,,,,,0.0,0.0,39.0,,0.11,1.04,0.08,0.1,1.1,,202108000000.0,,,,,,,2021-08-29 5:29
SDOT001,OC3CL200052,26.3,69,,,,,20035.0,0.3,44.0,0.02,0.05,0.98,0.05,0.15,1.16,,202105000000.0,,,,,,,2021-05-13 12:01
SDOT001,OC3CL200047,30.4,64,,1.2,,,3516.0,0.0,42.0,0.03,0.01,0.94,,0.15,1.17,,202106000000.0,,,,,,,2021-06-04 11:38
SDOT001,V02Q1940846,30.9,91,,,,,0.0,0.0,62.0,,0.09,,,,1.04,,202106000000.0,0.863,,,,,,2021-06-09 18:31
SDOT001,V02Q1940691,34.2,59,,,,,10.0,0.3,40.0,0.01,0.05,1.02,,0.19,1.1,,202106000000.0,,,,,,,2021-06-10 4:24
SDOT001,V02Q1940219,27.0,45,,,,,0.0,,48.0,0.03,0.03,,,0.13,1.17,,202102000000.0,,,,,,,2021-02-07 5:59
SDOT001,V02Q1940197,32.6,52,,,,,4167.0,,50.0,,0.09,,0.09,0.13,1.15,,202110000000.0,,,,,,,2021-10-18 20:19
SDOT001,V02Q1940705,30.7,66,,,,,0.0,0.2,37.0,0.01,0.1,1.03,0.08,0.2,1.03,,202110000000.0,,,,,,,2021-10-14 0:54
SDOT001,V02Q1940249,28.5,63,,0.4,,,,0.2,60.0,0.03,0.03,1.06,,0.19,1.14,,202111000000.0,,,,,,,2021-11-11 12:03
SDOT001,OC3CL200172,34.3,92,,,,,10884.0,0.0,65.0,0.01,0.03,1.05,,0.13,,,202109000000.0,,0.023,,,0.0,,2021-09-11 21:16
SDOT001,V02Q1940738,33.6,60,299.0,,,,7664.0,0.0,48.0,0.07,0.07,1.05,0.06,0.13,,,202106000000.0,,,,,,,2021-06-23 16:43
SDOT001,OC3CL200139,33.0,57,,,,,3408.0,0.1,63.0,0.04,0.02,1.02,0.11,0.13,1.0,,202012000000.0,,,,,,,2020-12-05 17:27
SDOT001,OC3CL200203,26.3,71,,,,,128.0,0.2,48.0,0.04,0.16,,0.04,,1.13,29.0,202104000000.0,0.805,,,,,,2021-04-01 1:07
SDOT001,V02Q1940728,33.4,59,,,,,22.0,,42.0,0.02,0.02,1.08,0.08,0.19,,,202107000000.0,,,,,,,2021-07-14 23:37
SDOT001,V02Q1940423,26.5,73,190.0,,,,,0.1,44.0,0.01,,1.02,0.04,,1.13,,202109000000.0,,,,,,0.943,2021-09-14 14:05
SDOT001,OC3CL200176,30.5,46,,0.3,,1.2,910.0,0.0,55.0,0.03,0.04,1.03,0.11,0.08,1.08,,202103000000.0,,,,,0.003,,2021-03-22 0:55
SDOT001,V02Q1940949,34.7,54,,0.2,,,2.0,,63.0,0.05,0.02,1.02,0.11,0.11,,,202108000000.0,,,,,,,2021-08-13 2:06
SDOT001,V02Q1940267,26.8,100,,,,,13837.0,0.1,47.0,0.01,0.06,1.04,0.09,0.09,1.04,,202104000000.0,,,,,,,2021-04-11 14:07
SDOT001,V02Q1940807,32.5,56,,,,,4931.0,0.0,48.0,0.01,0.02,1.01,0.08,0.18,1.01,,202107000000.0,,,,,,,2021-07-30 13:34
SDOT001,V02Q1940945,33.4,66,,,,,4731.0,0.0,60.0,0.01,0.04,1.06,,0.1,1.19,,202110000000.0,,,,,,,2021-10-14 7:04
SDOT001,V02Q1940811,31.9,63,,,,0.7,0.0,0.1,44.0,0.02,0.05,1.02,0.06,0.06,1.05,,202109000000.0,,,,,,,2021-09-18 19:06
SDOT001,V02Q1940823,32.0,100,,,,,6872.0,0.1,45.0,0.03,0.12,1.04,0.09,0.15,,,202109000000.0,,,,,,,2021-09-09 16:38
SDOT001,V02Q1940854,34.6,50,,,,,1700.0,0.4,62.0,0.01,0.04,1.1,0.08,0.09,1.1,,202104000000.0,,,,,,,2021-04-19 15:31
SDOT001,V02Q1940449,28.8,64,,2.2,,,5622.0,0.1,45.0,0.01,0.14,,0.09,0.05,1.19,,202105000000.0,,,,,,,2021-05-17 5:09
SDOT001,V02Q1940217,35.9,100,,,,,0.0,0.0,63.0,,0.01,0.98,,0.18,1.11,,202108000000.0,,,,,,,2021-08-29 18:04
SDOT001,OC3CL200072,30.7,62,,,132.0,,5426.0,0.3,60.0,,0.02,0.99,0.09,0.13,1.15,,202105000000.0,,,,,,,2021-05-27 4:20
SDOT001,V02Q1940647,31.9,57,,,,,1.0,0.0,53.0,0.04,0.13,0.99,0.08,0.19,1.13,,202110000000.0,,,,,,,2021-10-31 17:27
SDOT001,V02Q1940610,27.5,50,,,,,10.0,0.1,52.0,0.01,0.12,,,0.15,1.15,,202110000000.0,0.529,,,,,,2021-10-14 14:31
SDOT001,OC3CL200233,31.0,93,,,,,254.0,0.8,54.0,,0.03,1.02,0.08,0.19,1.1,,202012000000.0,,,,,,,2020-12-27 13:59
SDOT001,OC3CL200042,28.7,59,,,,,0.0,0.0,40.0,0.01,,0.99,0.06,,1.08,,202109000000.0,,,,,,,2021-09-12 9:30
SDOT001,V02Q1940556,32.3,71,,,,,989.0,0.2,49.0,0.01,,,0.05,0.14,1.06,,202109000000.0,,,,,,,2021-09-29 18:54
SDOT001,OC3CL200062,25.9,56,,,,,0.0,0.0,48.0,,0.07,0.99,0.05,,,,202108000000.0,,,,,,,2021-08-05 15:10
SDOT001,V02Q1940414,29.6,63,,,,,0.0,0.0,58.0,0.05,0.12,,0.1,,1.11,,202106000000.0,,,,,,,2021-06-07 5:50
SDOT001,V02Q1940413,31.7,90,,,,,0.0,0.0,65.0,0.02,,0.98,0.08,0.18,1.11,,202106000000.0,,,,,,,2021-06-12 18:57
SDOT001,V02Q1940585,26.6,56,,,,,5226.0,0.1,46.0,0.01,0.02,1.05,0.05,0.13,1.06,,202108000000.0,,,,,,0.003,2021-08-14 7:09
SDOT001,V02Q1940170,33.9,66,,,,,2471.0,0.0,56.0,,0.11,1.02,0.06,0.14,1.14,,202107000000.0,,,,,0.0,,2021-07-05 8:11
SDOT001,OC3CL200206,28.1,84,,,,,5.0,0.0,41.0,0.01,0.05,1.07,0.08,,1.09,,202103000000.0,,,,,,,2021-03-06 23:08
SDOT001,V02Q1940108,27.6,58,,,,,9540.0,0.1,61.0,0.04,0.04,1.0,0.08,0.18,1.08,,202104000000.0,,,,,,,2021-04-19 10:46
SDOT001,V02Q1940335,28.0,69,,,,3.2,16460.0,0.0,55.0,,0.13,0.96,0.09,0.14,1.04,29.8,202108000000.0,,0.022,,,,,2021-08-11 6:01
SDOT001,V02Q1940053,27.9,58,,0.8,,,0.0,0.1,55.0,0.04,0.04,1.03,0.08,0.18,,,202012000000.0,,,,,,,2020-12-08 13:31
SDOT001,OC3CL200187,26.2,63,,,,,,4.1,40.0,0.01,,1.05,0.08,0.14,,,202011000000.0,,,,,,,2020-11-19 5:28
SDOT001,V02Q1940237,31.9,54,,,,,11543.0,0.0,40.0,,0.02,1.01,0.08,0.14,,,202012000000.0,,,,,0.015,,2020-12-29 14:36
SDOT001,V02Q1940777,31.6,60,,,,,7470.0,,60.0,0.01,0.08,1.0,0.08,,1.13,,202107000000.0,,,,,,,2021-07-17 1:55
SDOT001,OC3CL200107,26.5,66,,,,,782.0,0.0,64.0,0.04,0.12,1.01,0.09,0.16,,,202106000000.0,,,,,,,2021-06-26 16:04
SDOT001,OC3CL200027,30.9,54,,,,,0.0,,42.0,0.02,0.02,1.02,0.08,,1.09,,202109000000.0,,,,,,,2021-09-15 14:02
SDOT001,V02Q1940337,27.0,54,,,,,0.0,0.4,55.0,0.01,0.02,1.05,0.06,0.14,,,202110000000.0,,,,,,,2021-10-08 1:54
SDOT001,V02Q1940787,29.3,84,,,,,2822.0,0.0,46.0,0.02,0.09,,0.08,,1.05,,202011000000.0,,,,,,,2020-11-28 2:34
SDOT001,V02Q1940285,25.0,74,,,,,0.0,0.0,68.0,0.02,0.02,1.05,0.05,0.11,1.09,,202108000000.0,,,,,,,2021-08-07 22:55
SDOT001,V02Q1940379,26.5,82,,,,,6050.0,0.0,56.0,0.01,0.07,1.02,0.09,0.1,1.08,,202105000000.0,,,,,,0.105,2021-05-17 11:32
SDOT001,V02Q1940428,32.3,99,,,,,41373.0,0.0,54.0,0.01,0.03,1.04,0.08,0.11,1.09,,202011000000.0,,,,,,,2020-11-21 2:17
SDOT001,OC3CL200069,30.2,56,,0.3,,,14606.0,0.0,44.0,,0.07,,0.09,0.15,1.13,,202104000000.0,,,,,,,2021-04-11 1:26
SDOT001,V02Q1940280,27.2,53,,,,,1231.0,0.0,72.0,0.07,,,0.1,0.09,,,202102000000.0,,,,,,,2021-02-26 0:17
SDOT001,V02Q1940453,30.9,60,,,,,6656.0,2.8,56.0,0.03,0.05,,,0.11,,,202101000000.0,,,,,,,2021-01-02 7:30
SDOT001,OC3CL200104,30.0,52,,,,,2596.0,,44.0,0.02,,0.99,0.08,0.11,1.06,,202104000000.0,,,,,,,2021-04-09 9:06
SDOT001,V02Q1940697,29.9,60,,,28.1,,4067.0,0.0,47.0,0.02,0.08,0.98,0.06,0.11,1.16,,202104000000.0,,,,,,,2021-04-27 16:21
SDOT001,V02Q1940103,38.6,94,,,,,36.0,,53.0,0.01,0.08,1.0,0.05,,1.16,,202107000000.0,,,0.004,,,,2021-07-23 1:17
SDOT001,V02Q1940250,25.9,85,,,,,0.0,0.0,39.0,,,1.05,,0.13,,,202107000000.0,,,,,,,2021-07-31 11:58
SDOT001,OC3CL200064,26.2,52,,,,1.5,10.0,,40.0,,0.14,0.99,0.13,0.19,1.08,,202012000000.0,,,,,,,2020-12-04 3:27
SDOT001,V02Q1940539,35.1,58,,,,,436.0,2.7,47.0,,0.04,0.96,0.14,0.18,1.09,,202103000000.0,,,,,,,2021-03-17 0:06
SDOT001,OC3CL200140,36.6,51,,,,,3602.0,0.0,44.0,0.01,0.07,1.02,0.08,0.18,1.14,,202104000000.0,0.689,,,,,,2021-04-21 9:27
SDOT001,V02Q1940400,29.6,70,,,,3.0,0.0,0.5,51.0,0.01,0.12,0.96,0.05,,1.15,,202106000000.0,,,,,,,2021-06-12 23:43
SDOT001,V02Q1940822,31.5,64,,,,,31189.0,0.0,49.0,0.04,0.02,1.03,,0.1,1.1,,202103000000.0,,,,,,,2021-03-07 2:08
SDOT001,V02Q1940715,33.2,85,,,244.0,,0.0,0.0,40.0,0.03,0.08,,0.05,,1.1,,202110000000.0,,,,,,,2021-10-26 18:45
SDOT001,V02Q1940669,35.6,77,,,,,255.0,,50.0,0.1,0.04,1.0,,0.18,1.08,,202101000000.0,,,,,,,2021-01-24 22:06
SDOT001,OC3CL200214,35.3,95,,,,,777.0,,49.0,0.02,0.04,1.0,0.08,0.06,1.14,,202105000000.0,0.632,,,,0.009,,2021-05-14 0:45
SDOT001,V02Q1940460,33.3,57,,,,,472.0,0.0,48.0,0.02,0.06,1.0,,0.14,1.16,,202107000000.0,,,,,,,2021-07-23 3:36
SDOT001,V02Q1940113,29.5,63,,,,,4.0,,54.0,0.03,0.07,1.08,0.09,0.18,,,202107000000.0,,,,,0.0,,2021-07-20 3:40
SDOT001,V02Q1940104,32.9,49,,,,,0.0,0.0,51.0,0.02,0.04,,0.08,0.09,1.14,,202105000000.0,,,,,,,2021-05-05 1:17
SDOT001,V02Q1940226,27.1,61,,,,,0.0,0.0,58.0,0.01,0.06,1.07,,,,,202106000000.0,,,,,,,2021-06-19 4:47
SDOT001,V02Q1940832,28.7,65,,,,,4003.0,,48.0,0.01,0.08,1.01,0.1,,1.11,,202105000000.0,,,0.004,,,,2021-05-02 11:36
SDOT001,V02Q1940285,29.9,93,,,,,22583.0,0.3,52.0,0.05,0.02,1.04,0.06,0.16,,,202109000000.0,,,,,,,2021-09-28 18:29
SDOT001,V02Q1940178,30.7,47,,,,,17.0,0.0,40.0,0.06,0.06,1.02,0.14,0.14,1.1,,202105000000.0,,,,,,,2021-05-19 17:42
SDOT001,V02Q1940787,32.3,64,,,,,0.0,0.2,49.0,0.02,0.06,,0.1,,1.05,,202106000000.0,,,,,,,2021-06-27 9:06
SDOT001,V02Q1940642,32.5,72,,,,,2.0,0.0,46.0,0.04,0.04,1.07,0.09,0.1,1.04,,202012000000.0,,,,,,,2020-12-07 21:46
SDOT001,OC3CL200140,30.5,94,,,,,10770.0,8.3,50.0,,0.03,1.01,0.06,0.16,,,202104000000.0,,,,,,,2021-04-04 14:06
SDOT001,V02Q1940323,33.0,70,,,194.0,,4300.0,0.8,40.0,,0.05,1.01,0.08,0.09,1.11,,202111000000.0,,,,,,,2021-11-12 14:18
SDOT001,V02Q1940818,27.7,78,,,,,2307.0,0.0,46.0,0.01,0.02,1.03,0.05,0.13,1.09,,202111000000.0,,,,,,,2021-11-20 9:30
SDOT001,V02Q1940717,33.8,79,,,,,2058.0,0.0,54.0,0.01,0.09,,0.1,0.21,1.09,,202102000000.0,,,,,,,2021-02-08 7:56
SDOT001,V02Q1940329,30.2,77,,,,,,0.0,36.0,0.01,0.01,,,0.09,,,202107000000.0,,,,,,,2021-07-02 2:16
SDOT001,V02Q1940479,32.2,68,,0.2,,,8936.0,0.0,52.0,0.04,0.09,,0.08,0.14,1.08,,202108000000.0,,,,,,,2021-08-20 19:43
SDOT001,V02Q1940873,34.6,63,,,,,,0.1,47.0,0.02,0.08,1.02,0.1,,1.13,,202011000000.0,0.55,,,,,,2020-11-21 1:02
SDOT001,V02Q1940651,30.9,81,,,,,0.0,0.1,48.0,0.02,0.14,,0.06,,1.08,,202102000000.0,,0.031,,,,,2021-02-11 13:38
SDOT001,OC3CL200173,36.3,80,,,,,0.0,0.0,43.0,0.01,0.01,1.04,,0.09,1.09,,202102000000.0,,,,,,,2021-02-28 5:14
SDOT001,OC3CL200013,31.6,86,,,,,0.0,,44.0,,0.09,1.04,0.1,0.16,1.13,,202107000000.0,,,,,,,2021-07-05 15:17
SDOT001,V02Q1940391,34.7,89,,,,,6399.0,0.0,55.0,0.03,0.02,,0.06,0.11,1.19,,202104000000.0,,,,,,,2021-04-08 23:27
SDOT001,OC3CL200095,31.1,61,,,,,,,52.0,0.04,0.11,1.01,0.05,0.1,1.14,,202104000000.0,,,,,,,2021-04-18 1:45
SDOT001,V02Q1940704,26.5,47,,,,,9930.0,0.0,60.0,0.02,0.02,1.12,0.05,0.18,,,202101000000.0,,,,,,,2021-01-23 8:31
SDOT001,V02Q1940765,35.4,65,,,,,8621.0,,56.0,0.01,0.01,1.03,0.09,0.15,1.1,,202104000000.0,,,,,,,2021-04-14 23:29
SDOT001,V02Q1940479,33.2,71,,,,,6738.0,0.0,50.0,0.01,0.09,0.95,0.08,,1.08,,202103000000.0,,0.022,,,,,2021-03-07 20:06
SDOT001,V02Q1940717,34.0,56,,,,,4540.0,,57.0,0.11,0.14,1.04,0.06,0.19,,,202011000000.0,,,,,,,2020-11-30 8:44
SDOT001,V02Q1940142,31.9,69,,,,,0.0,0.0,52.0,0.01,0.08,1.03,0.09,0.2,1.13,,202108000000.0,,,,,,,2021-08-05 9:20
SDOT001,V02Q1940074,30.0,50,,,,,0.0,,72.0,0.01,0.1,,0.08,0.16,1.13,,202111000000.0,,,,0.0,,,2021-11-13 22:34
SDOT001,V02Q1940677,30.5,48,,,,,0.0,0.2,56.0,,0.14,1.02,0.05,0.16,1.08,,202103000000.0,,,,,,,2021-03-21 19:31
SDOT001,V02Q1940819,34.2,58,,,,,,0.0,46.0,0.01,0.08,0.97,0.05,0.15,,,202011000000.0,,,,,,,2020-11-27 4:22
SDOT001,V02Q1940537,33.2,82,,,,,10.0,0.1,52.0,0.01,0.06,,0.11,,1.06,,202111000000.0,0.834,,,,,,2021-11-20 22:38
SDOT001,OC3CL200200,29.4,92,,,,,,,62.0,0.08,0.12,1.03,0.06,0.14,,,202109000000.0,0.591,,,,,,2021-09-07 15:10
SDOT001,V02Q1940182,25.8,56,,,,,,,45.0,0.05,0.01,0.96,,,,,202110000000.0,,,,,,,2021-10-27 0:26
SDOT001,V02Q1940751,29.6,71,,,,,262.0,0.0,68.0,0.01,0.03,1.0,0.13,0.2,,,202103000000.0,,,,,,,2021-03-23 18:32
SDOT001,V02Q1940371,29.4,51,,,,,,,41.0,0.01,0.09,0.98,0.04,0.1,1.19,,202104000000.0,,,,,,,2021-04-30 14:57
SDOT001,V02Q1940402,35.9,54,316.0,,,,0.0,0.0,48.0,0.01,0.08,1.04,0.06,,1.09,,202111000000.0,,,,,,,2021-11-18 0:17
SDOT001,V02Q1940316,35.0,48,,,,,0.0,0.0,52.0,0.01,0.04,1.03,0.09,0.14,1.13,,202104000000.0,,,,,,,2021-04-17 8:43
SDOT001,OC3CL200029,34.4,53,290.0,,,,0.0,0.3,47.0,0.01,0.07,1.03,0.1,0.16,1.09,,202103000000.0,,,,,,,2021-03-07 20:49
SDOT001,OC3CL200172,27.9,83,,,,,17113.0,0.0,49.0,0.01,0.01,0.99,0.05,0.08,,,202012000000.0,1.234,,,,,,2020-12-27 12:26
SDOT001,V02Q1940280,35.2,86,,,,,10822.0,0.1,47.0,0.03,0.13,,,0.2,1.09,,202102000000.0,,,,,,,2021-02-15 9:38
SDOT001,V02Q1940827,35.8,56,,,,,5505.0,,56.0,,0.09,,,,1.06,,202011000000.0,,,,,,,2020-11-23 12:16
SDOT001,V02Q1940478,35.4,100,,,,,0.0,6.6,45.0,0.02,0.05,1.03,0.06,,1.08,,202108000000.0,,,,,,,2021-08-19 0:08
SDOT001,V02Q1940249,35.1,56,,,,,2846.0,0.8,48.0,0.06,0.12,,0.09,0.06,1.14,,202105000000.0,0.835,,,,,,2021-05-26 15:00
SDOT001,V02Q1940433,26.2,52,,,,,,0.0,41.0,0.04,,1.09,0.08,0.16,1.13,,202107000000.0,,,,,,,2021-07-04 14:41
SDOT001,OC3CL200113,32.1,70,,,,,251.0,0.2,72.0,0.02,0.08,1.01,0.08,,1.1,29.3,202103000000.0,,,0.004,,,1.108,2021-03-07 14:38
SDOT001,V02Q1940514,33.7,99,,,,,7815.0,0.2,37.0,0.02,,1.03,0.08,0.14,,,202107000000.0,,,,,,,2021-07-07 10:05
SDOT001,V02Q1940088,26.3,74,,,,,19553.0,,46.0,0.04,0.02,1.05,0.09,,1.1,,202111000000.0,,,,,,,2021-11-13 11:08
SDOT001,V02Q1940509,28.8,58,,,264.0,,,0.0,48.0,0.01,0.12,,0.06,0.11,1.09,,202105000000.0,,,,,,,2021-05-24 15:25
SDOT001,V02Q1940529,27.9,65,,,,,12361.0,0.0,44.0,0.03,0.04,0.99,,0.13,1.16,,202110000000.0,,,,,,,2021-10-15 6:35
SDOT001,V02Q1940537,30.6,96,,,230.0,,,0.0,53.0,0.01,0.06,0.96,,0.18,1.11,,202103000000.0,,,,,,,2021-03-31 5:13
SDOT001,V02Q1940949,30.9,61,,,,,,0.4,62.0,0.02,0.03,,,0.09,1.15,,202111000000.0,,,,,,,2021-11-07 17:12
SDOT001,V02Q1940614,28.0,71,,,,,47.0,0.2,46.0,0.08,0.01,1.07,0.11,0.23,1.09,,202101000000.0,,,,,,,2021-01-23 21:26
SDOT001,V02Q1940787,30.7,93,,,,,,0.0,44.0,0.02,0.03,0.99,0.06,0.14,1.04,,202011000000.0,,,,,,,2020-11-16 8:32
SDOT001,V02Q1940533,34.8,54,,,,,4568.0,0.0,43.0,0.05,,1.01,0.06,0.19,1.1,,202103000000.0,,,,,,,2021-03-25 9:20
SDOT001,OC3CL200245,28.8,85,,,,,22549.0,0.2,56.0,0.02,,1.04,0.06,0.2,,,202109000000.0,,,,,,,2021-09-15 23:01
SDOT001,V02Q1940586,30.4,90,,,,,3.0,0.0,67.0,0.02,,1.04,0.09,0.11,1.1,,202111000000.0,,,,,,,2021-11-13 2:29
SDOT001,V02Q1940418,26.5,61,,,,,15545.0,0.0,54.0,0.01,0.04,,0.06,0.13,1.1,,202110000000.0,,,,,,,2021-10-10 1:01
SDOT001,V02Q1940390,31.6,65,,,,,3726.0,0.1,50.0,0.02,0.09,1.03,0.09,0.18,1.05,,202110000000.0,,,,,,,2021-10-05 7:53
SDOT001,V02Q1940844,32.8,75,,,,,21.0,,48.0,0.05,0.1,1.01,0.1,0.08,1.11,,202011000000.0,,,,,,,2020-11-22 0:43
SDOT001,V02Q1940647,32.2,65,,1.4,,2.0,79.0,0.0,49.0,0.02,,1.04,,0.14,1.09,,202107000000.0,,,,,,,2021-07-25 3:38
SDOT001,OC3CL200205,36.0,54,,,,,3249.0,,63.0,0.07,0.04,0.98,0.08,0.13,1.08,,202107000000.0,,,,,,,2021-07-03 7:47
SDOT001,V02Q1940399,30.1,51,,,,,0.0,0.4,49.0,0.02,0.05,1.04,0.05,,1.19,,202012000000.0,,,,,,,2020-12-20 11:41
SDOT001,V02Q1940420,29.0,79,,,,,8602.0,0.4,45.0,0.02,0.06,1.05,0.05,0.18,,,202110000000.0,,,,,,,2021-10-14 19:02
SDOT001,V02Q1940735,29.1,53,,,,,2.0,0.2,49.0,0.04,0.02,1.02,0.1,,1.05,,202109000000.0,,,,,,,2021-09-25 1:27
SDOT001,V02Q1940707,24.1,75,234.0,,,,,0.0,39.0,0.01,0.09,0.98,0.09,0.16,,,202101000000.0,,,,,,,2021-01-23 10:37
SDOT001,V02Q1940764,26.4,55,,,,,5079.0,,56.0,0.01,0.09,0.99,,0.18,1.14,,202104000000.0,,,,,,,2021-04-03 22:26
SDOT001,OC3CL200218,28.1,52,,,,,0.0,0.0,51.0,0.03,0.07,,,,,,202108000000.0,,,,,,,2021-08-11 22:51
SDOT001,OC3CL200160,32.5,96,,0.1,,,228.0,,52.0,0.02,,1.06,0.05,0.15,,,202103000000.0,,,,,,,2021-03-21 16:01
SDOT001,OC3CL200107,28.1,48,,,,,1395.0,0.3,60.0,0.01,0.07,0.99,0.08,0.15,1.08,,202111000000.0,,,,,,,2021-11-02 2:41
SDOT001,OC3CL200229,31.3,68,,,,,12.0,0.0,46.0,0.01,0.03,1.01,,0.16,1.1,,202110000000.0,,,,,,,2021-10-29 19:46
SDOT001,V02Q1940408,27.0,72,,0.6,,,4446.0,0.0,60.0,0.02,0.03,1.0,0.05,0.13,1.1,,202111000000.0,,,,,,1.105,2021-11-17 3:05
SDOT001,OC3CL200173,27.0,79,,1.9,,,8.0,0.8,41.0,,0.06,1.0,0.09,,1.06,,202106000000.0,,,,,,,2021-06-28 18:07
SDOT001,V02Q1940181,31.3,72,,,22.5,,,,50.0,,0.04,,0.1,0.15,1.03,,202106000000.0,,,,,,,2021-06-09 14:16
SDOT001,V02Q1940513,30.9,67,,,,,,0.0,44.0,0.05,0.01,1.02,0.08,0.1,1.06,,202110000000.0,,,,0.0,,,2021-10-22 4:46
SDOT001,V02Q1940462,33.8,62,,,,,0.0,0.0,65.0,0.05,0.09,1.0,0.05,0.1,,,202108000000.0,,,0.004,0.0,,,2021-08-14 2:33
SDOT001,V02Q1940678,29.9,96,,,,,6599.0,0.0,40.0,0.04,0.14,1.0,0.05,0.13,1.08,,202105000000.0,,,,,,,2021-05-21 9:21
SDOT001,V02Q1940132,30.2,50,,,,1.6,,0.0,54.0,0.02,0.03,,0.09,0.09,1.16,,202104000000.0,,,0.004,,0.0,,2021-04-29 6:08
SDOT001,V02Q1940079,30.0,52,,,,,,0.0,39.0,0.03,0.12,1.07,0.05,0.16,1.1,,202111000000.0,,,,,0.0,,2021-11-01 17:26
SDOT001,V02Q1941000,30.7,56,164.0,,,,,0.0,57.0,0.01,0.02,,0.06,0.08,,,202105000000.0,,,,,,,2021-05-27 3:54
SDOT001,V02Q1940631,29.7,56,,,,,750.0,0.0,46.0,0.04,0.09,1.02,0.09,0.11,1.11,,202104000000.0,,,0.013,,,,2021-04-09 8:05
SDOT001,V02Q1940221,28.9,100,,,,,29611.0,0.0,65.0,,0.03,1.0,0.13,,,,202109000000.0,,,,,,,2021-09-12 6:57
SDOT001,OC3CL200041,27.8,57,,,,,79.0,0.0,64.0,0.02,0.11,1.03,0.08,0.06,1.13,,202107000000.0,,,,,,,2021-07-10 20:49
SDOT001,V02Q1940875,32.5,61,,,,,14598.0,0.1,42.0,0.01,0.07,1.07,0.1,0.18,1.06,,202101000000.0,,,,,,,2021-01-05 7:21
SDOT001,V02Q1940740,34.2,58,,,,,4147.0,0.0,56.0,0.02,0.02,1.0,0.09,,1.08,,202106000000.0,,,,,,,2021-06-02 9:09
SDOT001,V02Q1940549,28.6,53,,,,,3410.0,0.3,64.0,0.01,,,,0.14,,,202107000000.0,,,,,,0.159,2021-07-05 8:32
SDOT001,V02Q1940793,32.0,66,,,,,8532.0,0.0,41.0,0.03,0.02,1.05,0.06,0.11,1.08,,202105000000.0,,,,,0.0,,2021-05-31 23:54
SDOT001,V02Q1940626,28.5,86,,,,,0.0,,44.0,0.11,,1.06,0.06,0.14,1.08,,202108000000.0,,,,,,,2021-08-26 12:38
SDOT001,V02Q1940862,33.9,69,,,,,75.0,0.0,57.0,0.04,0.11,0.99,,0.16,1.06,,202108000000.0,,,,,,,2021-08-01 23:13
SDOT001,V02Q1940743,26.7,50,,,,,6765.0,,48.0,0.03,0.02,1.07,0.08,,,,202012000000.0,,,,,,,2020-12-24 8:07
SDOT001,OC3CL200113,30.4,55,,,,,0.0,0.0,43.0,0.02,0.05,1.05,,0.14,1.19,,202103000000.0,,,,,,,2021-03-06 23:06
SDOT001,V02Q1940654,36.3,88,,,,,1161.0,0.4,49.0,,0.05,1.01,0.09,0.15,1.11,,202101000000.0,,,,,,,2021-01-15 12:34
SDOT001,V02Q1940370,35.0,89,,,,,2183.0,0.0,67.0,0.02,0.05,0.98,0.05,0.19,,,202102000000.0,,,,,,,2021-02-03 18:14
SDOT001,OC3CL200052,32.8,50,,,,,7.0,0.0,50.0,,0.08,1.06,0.06,0.08,0.99,,202104000000.0,,,,,,0.955,2021-04-09 1:57
SDOT001,V02Q1940386,30.3,64,,,,,3890.0,0.0,51.0,,0.06,,0.09,0.19,1.17,,202101000000.0,,,,,,,2021-01-16 8:52
SDOT001,V02Q1940090,29.5,78,,,,,1.0,0.0,48.0,0.02,0.03,1.05,0.08,0.14,1.19,,202107000000.0,,,,,,,2021-07-16 9:58
SDOT001,V02Q1940447,28.1,69,,,,,7279.0,0.0,40.0,0.03,,1.03,0.08,0.1,1.06,,202106000000.0,,,,,,,2021-06-16 13:33
SDOT001,OC3CL200019,35.2,73,,,,,2.0,0.0,49.0,0.02,,0.98,0.09,0.2,1.13,,202111000000.0,,,,,,,2021-11-04 12:18
SDOT001,OC3CL200065,29.8,47,,,,,704.0,0.0,39.0,0.02,0.12,1.03,0.06,0.2,,,202012000000.0,,,,,,,2020-12-19 1:22
SDOT001,OC3CL200091,30.1,74,,,,,,0.0,56.0,0.04,0.07,0.97,0.06,0.1,1.11,,202101000000.0,,,0.004,,,,2021-01-08 7:02
SDOT001,V02Q1940552,29.9,62,,,,,6.0,0.2,44.0,0.02,0.02,1.02,0.06,0.19,1.06,,202011000000.0,,0.041,,,,,2020-11-30 0:59
SDOT001,V02Q1940108,33.8,54,,,,,,0.0,40.0,0.03,0.13,1.06,0.08,0.16,1.17,,202104000000.0,,,,,,,2021-04-27 6:28
SDOT001,V02Q1940282,30.2,95,309.0,,,,8945.0,0.0,48.0,0.02,0.09,0.98,0.1,0.16,1.04,,202101000000.0,,,,,,,2021-01-05 11:38
SDOT001,OC3CL200198,32.2,68,,,,,15.0,0.0,54.0,0.02,0.04,,0.05,,1.1,,202104000000.0,,,,,,,2021-04-15 13:54
SDOT001,V02Q1940160,37.9,62,,,,,,,58.0,0.01,0.05,1.01,,0.18,1.2,,202107000000.0,,,,,,,2021-07-25 20:46
SDOT001,V02Q1940716,29.5,50,,,,,2321.0,0.0,52.0,0.06,0.06,0.97,,0.2,,,202111000000.0,,,,,,,2021-11-07 11:42
SDOT001,V02Q1940382,34.5,62,,,,,0.0,0.1,54.0,0.06,,1.02,0.05,0.1,,,202105000000.0,,,,,,,2021-05-11 15:38
SDOT001,V02Q1940584,33.2,96,,,,,7.0,0.0,47.0,0.02,,1.05,,0.14,1.14,,202111000000.0,,,,,,,2021-11-13 12:35
SDOT001,V02Q1940286,33.5,67,,,,,0.0,,53.0,0.04,0.03,1.04,0.08,0.18,1.11,,202108000000.0,,,,,,,2021-08-03 3:30
SDOT001,V02Q1941013,31.9,62,,,,,16056.0,0.1,59.0,0.01,0.03,,,,1.1,,202104000000.0,,0.035,,,,,2021-04-19 2:19
SDOT001,OC3CL200195,26.9,100,,,,,66.0,0.0,53.0,0.02,0.02,,0.09,0.09,1.05,,202012000000.0,0.63,,,,,,2020-12-24 10:34
SDOT001,V02Q1940742,25.8,64,,,,,0.0,7.0,47.0,0.01,0.08,1.01,0.08,0.2,,,202012000000.0,,,,,,,2020-12-01 4:32
SDOT001,V02Q1940349,28.4,66,,,,,6099.0,1.1,43.0,0.01,,1.04,0.04,0.16,1.05,,202103000000.0,,,,,,,2021-03-27 16:38
SDOT001,V02Q1940951,35.7,53,,0.1,,,20689.0,,54.0,0.01,0.02,1.07,0.1,0.16,1.06,,202012000000.0,,,,,0.0,,2020-12-12 10:35
SDOT001,OC3CL200102,33.4,90,,,,,960.0,,55.0,0.01,0.04,1.03,0.1,,1.14,,202011000000.0,,,,0.0,0.0,,2020-11-29 1:24
SDOT001,OC3CL200161,29.8,54,,,326.0,,,0.0,58.0,0.03,0.07,1.01,0.06,0.08,1.1,,202111000000.0,,,,,,,2021-11-06 4:00
SDOT001,V02Q1940381,30.7,95,,,,,0.0,,43.0,0.04,0.11,1.03,0.11,0.13,1.09,,202104000000.0,,,,,,,2021-04-15 5:09
SDOT001,V02Q1940425,25.7,61,,,95.6,2.1,9305.0,0.8,63.0,0.01,0.08,0.96,0.09,0.06,1.08,,202111000000.0,,,,0.0,,,2021-11-16 2:07
SDOT001,OC3CL200078,35.0,62,,,,,7561.0,,67.0,0.06,0.13,1.09,0.05,,1.05,,202106000000.0,,,,,,,2021-06-16 6:35
SDOT001,V02Q1940388,34.2,79,,,,,0.0,0.0,41.0,0.01,0.12,1.05,0.1,,1.04,,202103000000.0,,,,,,,2021-03-05 11:55
SDOT001,V02Q1940165,34.5,47,,,,,0.0,1.7,41.0,0.01,0.11,1.07,0.11,0.13,1.15,,202106000000.0,,,,,,,2021-06-27 3:52
SDOT001,V02Q1940290,34.0,68,,,,,9366.0,0.0,53.0,0.04,0.04,1.02,0.06,0.16,1.1,,202104000000.0,,,,,,,2021-04-08 22:47
SDOT001,V02Q1940740,31.4,70,,,,,3325.0,0.0,48.0,0.04,0.09,1.07,0.11,0.2,1.11,,202101000000.0,,,,,,,2021-01-03 10:25
SDOT001,V02Q1940373,29.7,61,,,,,8439.0,0.0,44.0,0.01,0.08,1.0,0.05,0.15,1.11,,202012000000.0,,0.033,,,,,2020-12-02 6:23
SDOT001,OC3CL200110,31.2,53,,,,2.8,,0.0,67.0,0.05,0.12,1.02,0.08,0.06,1.08,,202108000000.0,,,,,,,2021-08-26 2:11
SDOT001,V02Q1940119,27.6,77,,,,,0.0,0.0,48.0,,0.04,,0.09,0.15,1.19,,202108000000.0,,,,,,,2021-08-22 21:41
SDOT001,V02Q1940280,29.8,51,,,,,0.0,1.1,50.0,0.03,0.04,1.02,0.08,,1.08,,202106000000.0,,,,,,,2021-06-26 22:49
SDOT001,OC3CL200111,27.6,59,,,,,0.0,0.0,51.0,0.05,0.07,1.04,0.05,0.09,1.09,,202104000000.0,,,,,,,2021-04-11 10:02
SDOT001,V02Q1940703,35.1,67,,,,2.6,,4.1,37.0,0.05,0.03,1.01,0.08,0.11,,,202111000000.0,,,,,,,2021-11-03 10:05
SDOT001,V02Q1940685,26.8,77,,,,,8354.0,0.0,58.0,0.01,,,,0.14,1.1,,202110000000.0,,,,,0.001,,2021-10-11 23:03
SDOT001,V02Q1940325,29.7,79,,,,,0.0,0.9,65.0,0.01,0.03,1.04,0.08,0.16,,,202110000000.0,,,,,,,2021-10-10 15:36
SDOT001,V02Q1940875,33.1,95,,,,,161.0,0.3,70.0,0.03,0.14,1.03,0.06,,,,202107000000.0,,,,0.0,,1.078,2021-07-11 12:26
SDOT001,V02Q1940132,32.1,55,,,,,,0.2,56.0,0.01,0.02,1.0,,,1.04,,202012000000.0,,,,,,,2020-12-23 6:50
SDOT001,V02Q1940389,27.3,84,,,,,11415.0,0.0,49.0,0.04,,1.05,0.09,0.11,,,202108000000.0,,,,,,,2021-08-29 19:41
SDOT001,V02Q1940824,27.4,49,,,,,0.0,0.0,40.0,0.05,0.02,0.98,0.05,0.15,1.1,,202111000000.0,,,,,,,2021-11-01 8:32
SDOT001,V02Q1940443,28.5,49,291.0,,,,4315.0,,46.0,,0.09,1.08,0.16,0.08,1.1,,202101000000.0,,,,,,,2021-01-12 3:53
SDOT001,V02Q1940833,35.8,79,49.8,,,,1131.0,0.8,63.0,0.04,0.03,1.0,0.05,0.16,1.13,,202107000000.0,,,,,,,2021-07-23 22:59
SDOT001,V02Q1940314,30.5,81,,,,,2.0,,47.0,0.06,,1.01,,,1.11,,202106000000.0,,,,,0.0,,2021-06-16 0:07
SDOT001,V02Q1940135,26.4,53,3.0,,,,2430.0,0.0,62.0,0.09,,1.07,0.06,0.18,1.11,,202105000000.0,,,,,,,2021-05-20 17:02
SDOT001,V02Q1940204,33.3,96,,,,,2.0,0.0,44.0,0.02,,1.02,0.06,0.13,1.1,,202106000000.0,,,,,,,2021-06-18 18:51
SDOT001,V02Q1940118,34.0,65,,,,,6052.0,,53.0,,0.05,1.06,0.1,0.14,1.13,27.2,202109000000.0,,,,0.0,,,2021-09-02 5:28
SDOT001,V02Q1940563,35.1,92,,,,,0.0,1.1,44.0,0.01,0.08,1.0,0.08,0.1,1.05,,202109000000.0,,,,,,,2021-09-25 2:33
SDOT001,V02Q1940819,32.2,75,,,,,,0.0,40.0,0.04,0.02,1.04,,0.14,1.15,21.5,202103000000.0,,,,,,,2021-03-12 18:04
SDOT001,V02Q1940768,31.5,81,,,239.0,,0.0,0.0,57.0,0.03,0.07,1.07,,0.2,1.05,,202104000000.0,,0.048,0.004,,,,2021-04-12 20:23
SDOT001,V02Q1940828,30.4,58,,2.4,,,,0.7,53.0,0.05,0.14,1.01,0.11,0.13,1.1,24.9,202109000000.0,,,,,,0.092,2021-09-06 6:24
SDOT001,V02Q1940831,36.2,54,,,,,0.0,0.0,41.0,0.01,0.02,0.99,0.08,0.05,1.1,,202109000000.0,,,,,,,2021-09-14 4:07
SDOT001,V02Q1940122,35.4,67,,,,,0.0,,44.0,0.06,0.07,1.02,,0.18,1.1,,202012000000.0,,,,,,0.858,2020-12-15 13:34
SDOT001,V02Q1940705,27.9,65,,,,,8425.0,0.0,45.0,0.02,0.14,1.02,0.06,0.16,1.04,,202110000000.0,,,,,,,2021-10-01 13:35
SDOT001,V02Q1940219,34.3,73,,,,,3.0,0.0,55.0,0.06,0.04,1.08,0.05,0.14,1.1,,202103000000.0,,,,,,,2021-03-17 12:58
SDOT001,OC3CL200159,30.3,57,,,,,0.0,0.0,39.0,,0.03,,,0.1,1.19,,202104000000.0,,,,,,,2021-04-21 17:37
SDOT001,V02Q1940625,27.9,59,,,,,1272.0,0.7,47.0,,0.02,1.03,0.08,0.11,1.1,,202106000000.0,,,,,,,2021-06-30 22:38
SDOT001,V02Q1940953,35.8,50,,,,,1.0,0.0,36.0,0.01,0.03,,0.04,0.14,1.08,,202111000000.0,,,0.004,,,,2021-11-08 3:51
SDOT001,V02Q1940114,33.0,60,,0.8,,1.6,2.0,0.2,44.0,0.01,0.04,1.03,,,1.03,,202110000000.0,,,,,,,2021-10-27 19:52
SDOT001,OC3CL200061,31.9,70,,,,,9.0,0.2,55.0,0.01,0.05,1.01,0.05,0.11,1.11,,202012000000.0,,,,,,,2020-12-16 15:51
SDOT001,V02Q1940504,34.7,45,,,,,9246.0,0.0,43.0,0.01,,0.97,0.06,,1.06,,202109000000.0,,,,,,,2021-09-05 8:30
SDOT001,OC3CL200029,29.9,100,,,,,,0.0,40.0,0.04,0.13,,0.06,,1.13,,202012000000.0,,,,,,,2020-12-24 10:57
SDOT001,V02Q1940220,28.5,47,,,,,927.0,1.4,50.0,0.03,0.02,1.05,0.1,0.11,1.14,,202107000000.0,,,,,,,2021-07-23 1:26
SDOT001,V02Q1940439,28.5,60,,,,,839.0,0.4,62.0,0.07,0.09,1.02,0.05,,1.13,,202110000000.0,,,,,,,2021-10-12 6:32
SDOT001,V02Q1940198,27.5,56,,,,,60.0,,56.0,0.01,0.02,1.03,0.06,,1.01,,202103000000.0,,,,,,,2021-03-14 2:31
SDOT001,V02Q1940572,29.5,75,,,,,236.0,0.0,48.0,0.01,0.14,0.98,0.06,,1.1,,202109000000.0,,,,,,,2021-09-15 9:14
SDOT001,V02Q1940579,31.9,47,,,,,22596.0,0.4,46.0,0.01,0.02,1.0,0.13,0.19,1.13,,202109000000.0,,,,,,,2021-09-17 15:44
SDOT001,V02Q1940456,32.9,68,,,,,,,53.0,0.02,,,0.08,0.15,1.06,,202106000000.0,,,,,,,2021-06-20 3:15
SDOT001,V02Q1940639,32.6,65,,,,,,0.3,50.0,0.04,0.03,1.04,,,1.15,,202108000000.0,,,,,,,2021-08-27 1:34
SDOT001,V02Q1940085,35.7,59,,,,,,0.5,67.0,0.01,,1.02,0.08,0.13,1.08,,202111000000.0,,,,,,,2021-11-19 19:03
SDOT001,V02Q1940116,29.3,49,,,,,4762.0,0.1,39.0,0.01,0.03,0.94,0.11,0.16,1.1,,202109000000.0,,,,,,,2021-09-20 1:26
SDOT001,V02Q1940374,35.7,66,,,,,137.0,0.8,51.0,0.02,0.03,1.03,0.08,0.18,1.08,,202108000000.0,,,,,,,2021-08-18 8:02
SDOT001,V02Q1940774,28.5,54,198.0,,,,0.0,,48.0,0.02,0.08,1.04,0.06,0.14,1.11,,202109000000.0,,0.022,,,,1.106,2021-09-09 4:04
SDOT001,V02Q1940055,26.8,72,,,,,0.0,0.0,47.0,0.02,0.09,0.99,0.06,0.14,1.04,,202110000000.0,,,,,,,2021-10-28 3:45
SDOT001,V02Q1940538,35.9,94,,,,,3853.0,0.0,50.0,,0.02,0.99,0.11,0.2,1.08,,202011000000.0,,,,,,,2020-11-13 7:14
SDOT001,V02Q1940184,33.2,53,,,,,1454.0,0.0,52.0,0.02,0.08,1.07,0.09,0.16,1.14,,202012000000.0,,,,,,,2020-12-19 9:21
SDOT001,V02Q1940671,30.5,68,,,,,119.0,,51.0,0.08,0.05,1.02,,0.13,1.14,,202109000000.0,,,,,,,2021-09-26 17:17
SDOT001,V02Q1940837,30.0,54,,,,,6160.0,0.1,40.0,0.02,0.08,,0.04,0.1,1.16,,202012000000.0,,,,,,,2020-12-22 0:31
SDOT001,OC3CL200073,29.5,70,,,,,6881.0,0.1,48.0,,0.05,1.02,0.09,0.1,1.08,,202111000000.0,,,,0.0,,,2021-11-07 8:40
SDOT001,V02Q1940177,27.2,60,,,,,0.0,0.1,60.0,0.06,0.09,,0.08,0.13,,,202106000000.0,,,,0.0,,,2021-06-29 7:20
SDOT001,V02Q1940102,31.2,70,,,,1.6,,,46.0,0.05,0.05,1.06,0.08,0.2,1.19,,202104000000.0,,,,,,,2021-04-06 4:12
SDOT001,V02Q1940753,33.1,78,,,,,11902.0,0.0,48.0,0.04,0.13,0.96,0.11,,1.11,,202109000000.0,,,,,,,2021-09-10 3:41
SDOT001,V02Q1940059,26.1,48,,,,,0.0,0.3,51.0,0.01,0.11,0.97,0.06,0.09,1.13,,202012000000.0,,,,,,,2020-12-06 17:24
SDOT001,V02Q1940820,35.0,70,,,236.0,,,0.0,50.0,0.02,0.03,,0.06,0.11,1.1,,202107000000.0,,,0.004,,,,2021-07-20 9:17
SDOT001,V02Q1940797,30.6,77,,,,,0.0,,60.0,0.01,0.02,1.02,0.06,0.09,,,202110000000.0,,,,,,,2021-10-26 8:28
SDOT001,V02Q1940070,30.1,49,,,,0.0,12731.0,0.5,41.0,0.01,0.06,,0.08,0.15,1.08,,202101000000.0,,,,,,,2021-01-23 12:47
SDOT001,V02Q1940356,31.8,65,,,,,2.0,0.0,52.0,0.02,,1.02,,,,,202108000000.0,,,0.004,,,,2021-08-11 16:16
SDOT001,V02Q1940488,27.1,56,,,47.8,,0.0,0.0,53.0,0.03,0.02,1.0,0.06,0.16,,,202012000000.0,,,,,,,2020-12-27 7:51
SDOT001,V02Q1940241,30.6,63,,,,,35821.0,0.0,52.0,0.04,0.14,0.96,0.09,0.13,1.03,,202103000000.0,,0.031,,,,,2021-03-09 8:35
SDOT001,V02Q1940769,30.2,75,,,323.0,,0.0,0.3,48.0,,0.04,1.04,0.09,0.11,1.13,,202109000000.0,,,,,,,2021-09-12 2:54
SDOT001,V02Q1940280,29.7,64,,,,,,0.2,42.0,0.0,0.04,1.01,0.06,0.09,1.09,,202012000000.0,,,,,,,2020-12-17 3:39
SDOT001,V02Q1940818,27.7,100,,,,,6980.0,0.3,45.0,0.05,0.02,0.97,0.11,0.19,1.13,,202101000000.0,,,,,,,2021-01-12 3:16
SDOT001,V02Q1940259,31.9,54,,,,,0.0,0.0,40.0,,,1.06,0.11,0.11,1.04,,202011000000.0,,,,,,,2020-11-23 18:58
SDOT001,OC3CL200200,28.8,84,,,,,9202.0,0.0,42.0,,0.02,1.03,0.05,0.14,1.14,,202101000000.0,,0.03,,,,,2021-01-20 18:18
SDOT001,V02Q1940697,28.9,93,,,,,170.0,0.0,47.0,,0.07,1.03,0.06,,1.05,,202105000000.0,,,,,,,2021-05-04 23:24
